<?xml version="1.0" encoding="utf-8"?>
<SimuAxis xmlns:xsi="http://www.w3.org/2001/XMLSchema-instance" xsi:noNamespaceSchemaLocation="/Roboter/Config/System/Common/Schemes/SimuAxis.xsd">
   <Version Label="">
      <Info Version="KUKA V8.3"/>
      <Schema Version="2"/>
   </Version>
   <Machine Name="#KR2210_2 S C4 FLR ZH210"/>
   <AxisData AccelerationTime="10.000000" AccelerationTimeUnderLoad="997.000000" BrakeHoldingTorque="18.000000" BrakeOpenTime="175.000000" InertiaOfPowerTrain="0.008465" MaximalCurrent="48.000000" MaximalPositionLag="438.000000" MotorHoldingTorque="18.000000" NominalSpeed="4300.000000" ServoOffTime="60.000000">
      <SpeedTorqueData>
         <SpeedTorque Speed="0.000000" Torque="40.000000"/>
         <SpeedTorque Speed="2700.000000" Torque="40.000000"/>
         <SpeedTorque Speed="3500.000000" Torque="26.000000"/>
         <SpeedTorque Speed="4300.000000" Torque="16.000000"/>
         <SpeedTorque Speed="4350.000000" Torque="0.000000"/>
      </SpeedTorqueData>
      <ControlData>
         <ParameterSet GVel="60.0" IVel="0.0" Lg="0.6" Name="PTP"/>
         <ParameterSet GVel="75.0" IVel="0.0" Lg="0.48" Name="CP"/>
      </ControlData>
   </AxisData>
</SimuAxis>
