<?xml version="1.0" encoding="utf-8"?>
<SimuAxis xmlns:xsi="http://www.w3.org/2001/XMLSchema-instance" xsi:noNamespaceSchemaLocation="/Roboter/Config/System/Common/Schemes/SimuAxis.xsd">
   <Version Label="">
      <Info Version="KUKA V8.3"/>
      <Schema Version="2"/>
   </Version>
   <Machine Name="#KR2210_2 S C4 FLR ZH210"/>
   <AxisData AccelerationTime="10.000000" AccelerationTimeUnderLoad="750.000000" BrakeHoldingTorque="27.000000" BrakeOpenTime="180.000000" InertiaOfPowerTrain="0.010053" MaximalCurrent="50.000000" MaximalPositionLag="472.000000" MotorHoldingTorque="26.000000" NominalSpeed="3000.000000" ServoOffTime="50.000000">
      <SpeedTorqueData>
         <SpeedTorque Speed="0.000000" Torque="62.000000"/>
         <SpeedTorque Speed="1750.000000" Torque="62.000000"/>
         <SpeedTorque Speed="3500.000000" Torque="22.500000"/>
         <SpeedTorque Speed="3501.000000" Torque="0.000000"/>
      </SpeedTorqueData>
      <ControlData>
         <ParameterSet GVel="60.0" IVel="0.0" Lg="0.6" Name="PTP"/>
         <ParameterSet GVel="75.0" IVel="0.0" Lg="0.48" Name="CP"/>
      </ControlData>
   </AxisData>
</SimuAxis>
