<?xml version="1.0" encoding="utf-8"?>
<SimuAxis xmlns:xsi="http://www.w3.org/2001/XMLSchema-instance" xsi:noNamespaceSchemaLocation="/Roboter/Config/System/Common/Schemes/SimuAxis.xsd">
   <Version Label="">
      <Info Version="KUKA V8.3"/>
      <Schema Version="2"/>
   </Version>
   <Machine Name="#KR2210_2 S C4 FLR ZH210"/>
   <AxisData AccelerationTime="10.000000" AccelerationTimeUnderLoad="506.000000" BrakeHoldingTorque="11.000000" BrakeOpenTime="70.000000" InertiaOfPowerTrain="0.004935" MaximalCurrent="16.000000" MaximalPositionLag="396.000000" MotorHoldingTorque="11.000000" NominalSpeed="4100.000000" ServoOffTime="30.000000">
      <SpeedTorqueData>
         <SpeedTorque Speed="0.000000" Torque="16.500000"/>
         <SpeedTorque Speed="3100.000000" Torque="16.500000"/>
         <SpeedTorque Speed="3375.000000" Torque="16.000000"/>
         <SpeedTorque Speed="4100.000000" Torque="11.000000"/>
         <SpeedTorque Speed="4300.000000" Torque="0.000000"/>
      </SpeedTorqueData>
      <ControlData>
         <ParameterSet GVel="60.0" IVel="0.0" Lg="0.6" Name="PTP"/>
         <ParameterSet GVel="75.0" IVel="0.0" Lg="0.48" Name="CP"/>
      </ControlData>
   </AxisData>
</SimuAxis>
