<?xml version="1.0" encoding="utf-8"?>
<Axis xmlns:xsi="http://www.w3.org/2001/XMLSchema-instance" xsi:noNamespaceSchemaLocation="/Roboter/Config/System/Common/Schemes/NGAxis.xsd">
   <Version Label="">
      <Info Version="KUKA V8.3"/>
      <Schema Version="100"/>
   </Version>
   <Machine Name="#KR2210_2 S C4 FLR ZH210"/>
   <AxisData MessageDisable="0" Mode="StandAlone" Simulation="Off" SingleMotorCoupling="Off" Type="Rotator"/>
   <ToolMotor AdditionalFunctionFile="Mada/NGAxis/CtrlA1AddFct.xml" ExtTorqueOfInertia="0.002075" MaximalEnergy="4498.74" MotorFile="Motor/00-117-606_G1_48_V0.xml" ParameterFile="Mada/NGAxis/CtrlA1.xml" RampStopTime="767" RampUpTimeUnderLoad="997" ServoFile="Servofile/Servo_64_00-117-606_G1_V0.xml">
      <Monitoring PositionLag="438" PositionLagSoft="1752" Speed="5848" SpeedLag="0"/>
      <Limit Current="0" Speed="0"/>
   </ToolMotor>
   <Inversion Position="false" Torque="false" Velocity="false"/>
   <Delay ActValue="2" CmdValue="24"/>
   <Mastering ChannelName="EMD-Data" Type="EMD"/>
</Axis>