<?xml version="1.0" encoding="utf-8"?>
<Axis xmlns:xsi="http://www.w3.org/2001/XMLSchema-instance" xsi:noNamespaceSchemaLocation="/Roboter/Config/System/Common/Schemes/NGAxis.xsd">
   <Version Label="">
      <Info Version="KUKA V8.3"/>
      <Schema Version="100"/>
   </Version>
   <Machine Name="#KR2210_2 S C4 FLR ZH210"/>
   <AxisData MessageDisable="0" Mode="StandAlone" Simulation="Off" SingleMotorCoupling="Off" Type="Rotator"/>
   <ToolMotor AdditionalFunctionFile="Mada/NGAxis/CtrlA3AddFct.xml" ExtTorqueOfInertia="0.000713" MaximalEnergy="3286.09" MotorFile="Motor/00-119-767_I1_48_V1.xml" ParameterFile="Mada/NGAxis/CtrlA3.xml" RampStopTime="682" RampUpTimeUnderLoad="750" ServoFile="Servofile/Servo_64_00-119-767_I1_V1.xml">
      <Monitoring PositionLag="472" PositionLagSoft="1888" Speed="4556" SpeedLag="0"/>
      <Limit Current="0" Speed="0"/>
   </ToolMotor>
   <Inversion Position="false" Torque="false" Velocity="false"/>
   <Delay ActValue="2" CmdValue="24"/>
   <Mastering ChannelName="EMD-Data" Type="EMD"/>
</Axis>