<?xml version="1.0" encoding="utf-8"?>
<Axis xmlns:xsi="http://www.w3.org/2001/XMLSchema-instance" xsi:noNamespaceSchemaLocation="/Roboter/Config/System/Common/Schemes/NGAxis.xsd">
   <Version Label="">
      <Info Version="KUKA V8.3"/>
      <Schema Version="100"/>
   </Version>
   <Machine Name="#KR2210_2 S C4 FLR ZH210"/>
   <AxisData MessageDisable="0" Mode="StandAlone" Simulation="Off" SingleMotorCoupling="Off" Type="Rotator"/>
   <ToolMotor AdditionalFunctionFile="Mada/NGAxis/CtrlA6AddFct.xml" ExtTorqueOfInertia="0.00407" MaximalEnergy="869.92" MotorFile="Motor/00-115-925_H_16_V1.xml" ParameterFile="Mada/NGAxis/CtrlA6.xml" RampStopTime="290" RampUpTimeUnderLoad="870" ServoFile="Servofile/Servo_40_00-115-925_H_V1.xml">
      <Monitoring PositionLag="268" PositionLagSoft="1072" Speed="5576" SpeedLag="0"/>
      <Limit Current="0" Speed="0"/>
   </ToolMotor>
   <Inversion Position="false" Torque="false" Velocity="false"/>
   <Delay ActValue="2" CmdValue="24"/>
   <Mastering ChannelName="EMD-Data" Type="EMD"/>
</Axis>