﻿<?xml version="1.0" encoding="utf-8"?>
<!--XML file automatically generated by WorkVisual V3.1.10_Build25.-->
<!--DO NOT EDIT-->
<CFCore xsi:noNamespaceSchemaLocation="../../../System/Common/Schemes/CFCore.xsd" xmlns:xsi="http://www.w3.org/2001/XMLSchema-instance">
  <Version Label="">
    <Info Version="KUKA V8.3" />
    <Schema Version="1" />
  </Version>
  <WaggonDriverConfigFile>Mada\CFCoreWaggonDriverConfig.xml</WaggonDriverConfigFile>
  <ECATConfigFile>ecatms_config.xml</ECATConfigFile>
  <Trace Samples="0" />
  <AxisConfiguration>
    <Axis>
      <Control>
        <PreFilter ID="211" />
        <Controller ID="CtrlKukaStd" />
      </Control>
      <WaggonDriverInterfaces>
        <IPos Index="1" Channel="0" />
        <IVel Index="1" Channel="0" />
        <ICommutation Index="1" Channel="0" />
        <ITrq Index="2" Channel="0" />
        <ITrqWDOut Index="2" Channel="0" />
        <IMultiplexer Index="2" Channel="0" />
        <IStateKSB Index="2" Channel="0" />
        <IStateEnabled Index="2" Channel="0" />
        <IStateDevice Index="2" Channel="0" />
        <IStateBrakeOpen Index="2" Channel="0" />
        <OCommutation Index="2" Channel="0" />
        <OTrq Index="2" Channel="0" />
        <OCmdKSB Index="2" Channel="0" />
        <OCmdEnable Index="2" Channel="0" />
        <OSupplyVoltage Index="2" Channel="0" />
        <OCmdBrakeOpen Index="2" Channel="0" />
      </WaggonDriverInterfaces>
    </Axis>
    <Axis>
      <Control>
        <PreFilter ID="211" />
        <Controller ID="CtrlKukaStd" />
      </Control>
      <WaggonDriverInterfaces>
        <IPos Index="1" Channel="1" />
        <IVel Index="1" Channel="1" />
        <ICommutation Index="1" Channel="1" />
        <ITrq Index="2" Channel="1" />
        <ITrqWDOut Index="2" Channel="1" />
        <IMultiplexer Index="2" Channel="1" />
        <IStateKSB Index="2" Channel="1" />
        <IStateEnabled Index="2" Channel="1" />
        <IStateDevice Index="2" Channel="1" />
        <IStateBrakeOpen Index="2" Channel="1" />
        <OCommutation Index="2" Channel="1" />
        <OTrq Index="2" Channel="1" />
        <OCmdKSB Index="2" Channel="1" />
        <OCmdEnable Index="2" Channel="1" />
        <OSupplyVoltage Index="2" Channel="1" />
        <OCmdBrakeOpen Index="2" Channel="1" />
      </WaggonDriverInterfaces>
    </Axis>
    <Axis>
      <Control>
        <PreFilter ID="211" />
        <Controller ID="CtrlKukaStd" />
      </Control>
      <WaggonDriverInterfaces>
        <IPos Index="1" Channel="2" />
        <IVel Index="1" Channel="2" />
        <ICommutation Index="1" Channel="2" />
        <ITrq Index="2" Channel="2" />
        <ITrqWDOut Index="2" Channel="2" />
        <IMultiplexer Index="2" Channel="2" />
        <IStateKSB Index="2" Channel="2" />
        <IStateEnabled Index="2" Channel="2" />
        <IStateDevice Index="2" Channel="2" />
        <IStateBrakeOpen Index="2" Channel="2" />
        <OCommutation Index="2" Channel="2" />
        <OTrq Index="2" Channel="2" />
        <OCmdKSB Index="2" Channel="2" />
        <OCmdEnable Index="2" Channel="2" />
        <OSupplyVoltage Index="2" Channel="2" />
        <OCmdBrakeOpen Index="2" Channel="2" />
      </WaggonDriverInterfaces>
    </Axis>
    <Axis>
      <Control>
        <PreFilter ID="211" />
        <Controller ID="CtrlKukaStd" />
      </Control>
      <WaggonDriverInterfaces>
        <IPos Index="1" Channel="3" />
        <IVel Index="1" Channel="3" />
        <ICommutation Index="1" Channel="3" />
        <ITrq Index="2" Channel="3" />
        <ITrqWDOut Index="2" Channel="3" />
        <IMultiplexer Index="2" Channel="3" />
        <IStateKSB Index="2" Channel="3" />
        <IStateEnabled Index="2" Channel="3" />
        <IStateDevice Index="2" Channel="3" />
        <IStateBrakeOpen Index="2" Channel="3" />
        <OCommutation Index="2" Channel="3" />
        <OTrq Index="2" Channel="3" />
        <OCmdKSB Index="2" Channel="3" />
        <OCmdEnable Index="2" Channel="3" />
        <OSupplyVoltage Index="2" Channel="3" />
        <OCmdBrakeOpen Index="2" Channel="3" />
      </WaggonDriverInterfaces>
    </Axis>
    <Axis>
      <Control>
        <PreFilter ID="211" />
        <Controller ID="CtrlKukaStd" />
      </Control>
      <WaggonDriverInterfaces>
        <IPos Index="1" Channel="4" />
        <IVel Index="1" Channel="4" />
        <ICommutation Index="1" Channel="4" />
        <ITrq Index="2" Channel="4" />
        <ITrqWDOut Index="2" Channel="4" />
        <IMultiplexer Index="2" Channel="4" />
        <IStateKSB Index="2" Channel="4" />
        <IStateEnabled Index="2" Channel="4" />
        <IStateDevice Index="2" Channel="4" />
        <IStateBrakeOpen Index="2" Channel="4" />
        <OCommutation Index="2" Channel="4" />
        <OTrq Index="2" Channel="4" />
        <OCmdKSB Index="2" Channel="4" />
        <OCmdEnable Index="2" Channel="4" />
        <OSupplyVoltage Index="2" Channel="4" />
        <OCmdBrakeOpen Index="2" Channel="4" />
      </WaggonDriverInterfaces>
    </Axis>
    <Axis>
      <Control>
        <PreFilter ID="211" />
        <Controller ID="CtrlKukaStd" />
      </Control>
      <WaggonDriverInterfaces>
        <IPos Index="1" Channel="5" />
        <IVel Index="1" Channel="5" />
        <ICommutation Index="1" Channel="5" />
        <ITrq Index="2" Channel="5" />
        <ITrqWDOut Index="2" Channel="5" />
        <IMultiplexer Index="2" Channel="5" />
        <IStateKSB Index="2" Channel="5" />
        <IStateEnabled Index="2" Channel="5" />
        <IStateDevice Index="2" Channel="5" />
        <IStateBrakeOpen Index="2" Channel="5" />
        <OCommutation Index="2" Channel="5" />
        <OTrq Index="2" Channel="5" />
        <OCmdKSB Index="2" Channel="5" />
        <OCmdEnable Index="2" Channel="5" />
        <OSupplyVoltage Index="2" Channel="5" />
        <OCmdBrakeOpen Index="2" Channel="5" />
      </WaggonDriverInterfaces>
    </Axis>
  </AxisConfiguration>
  <SupplyConfiguration>
    <Supply>
      <WaggonDriverInterfaces>
        <OCmdKSB Index="0" Channel="0" />
        <OCmdEnable Index="0" Channel="0" />
        <OCmdBrakeVoltage Index="0" Channel="0" />
        <IMultiplexer Index="0" Channel="0" />
        <IStateKSB Index="0" Channel="0" />
        <IStateEnabled Index="0" Channel="0" />
        <IStateDevice Index="0" Channel="0" />
        <ISupplyVoltage Index="0" Channel="0" />
        <IActivationStatus Index="0" Channel="0" />
      </WaggonDriverInterfaces>
    </Supply>
  </SupplyConfiguration>
</CFCore>