﻿<?xml version="1.0" encoding="utf-8"?>
<!--XML file automatically generated by WorkVisual V3.1.10_Build25.-->
<!--DO NOT EDIT-->
<EAWaggonDriverConfig xsi:noNamespaceSchemaLocation="../../../System/Common/Schemes/EAWaggonDriverConfig.xsd" xmlns:xsi="http://www.w3.org/2001/XMLSchema-instance">
  <Version Label="">
    <Info Version="KUKA V8.3" />
    <Schema Version="1" />
  </Version>
  <WaggonDriver ID="107">
    <Input>
      <Offset VendorID="24776" ProductCode="3" VarName="TxPdo 1.CIB Status" Occurrence="0" Length="5" />
      <Offset VendorID="24776" ProductCode="3" VarName="DC-Time.EtherCATTime" Occurrence="0" Length="8" />
      <Offset VendorID="24776" ProductCode="60" VarName="DI Safety.Command Safety In" Occurrence="0" Length="11" />
      <Offset VendorID="24776" ProductCode="48" VarName="FSoE-Drive In.Command" Occurrence="0" Length="75" />
      <Offset VendorID="24776" ProductCode="96" VarName="Channel 1.Input" Occurrence="0" Length="1" />
      <Offset VendorID="24776" ProductCode="96" VarName="Channel 2.Input" Occurrence="0" Length="1" />
      <Offset VendorID="24776" ProductCode="96" VarName="Channel 3.Input" Occurrence="0" Length="1" />
      <Offset VendorID="24776" ProductCode="96" VarName="Channel 4.Input" Occurrence="0" Length="1" />
      <Offset VendorID="24776" ProductCode="96" VarName="Channel 5.Input" Occurrence="0" Length="1" />
      <Offset VendorID="24776" ProductCode="96" VarName="Channel 6.Input" Occurrence="0" Length="1" />
    </Input>
    <Output>
      <Offset VendorID="24776" ProductCode="60" VarName="DO Safety.Command Safety Out" Occurrence="0" Length="11" />
      <Offset VendorID="24776" ProductCode="48" VarName="FSoE-Drive Out.Command" Occurrence="0" Length="75" />
      <Offset VendorID="24776" ProductCode="96" VarName="Channel 7.Output" Occurrence="0" Length="1" />
      <Offset VendorID="24776" ProductCode="96" VarName="Channel 8.Output" Occurrence="0" Length="1" />
      <Offset VendorID="24776" ProductCode="96" VarName="Channel 9.Output" Occurrence="0" Length="1" />
      <Offset VendorID="24776" ProductCode="96" VarName="Channel 10.Output" Occurrence="0" Length="1" />
      <Offset VendorID="24776" ProductCode="96" VarName="Channel 11.Output" Occurrence="0" Length="1" />
      <Offset VendorID="24776" ProductCode="96" VarName="Channel 12.Output" Occurrence="0" Length="1" />
      <Offset VendorID="24776" ProductCode="96" VarName="Channel 13.Output" Occurrence="0" Length="1" />
      <Offset VendorID="24776" ProductCode="96" VarName="Channel 14.Output" Occurrence="0" Length="1" />
    </Output>
  </WaggonDriver>
  <WaggonDriver ID="108">
    <Input>
      <Offset VendorID="24776" ProductCode="3" VarName="TxPdo 1.Input[1..8] Value" Occurrence="0" BitOffset="0" WDVarDescription="FastMeasureChannel 1" />
      <Offset VendorID="24776" ProductCode="3" VarName="TxPdo 1.Input[1..8] Value" Occurrence="0" BitOffset="1" WDVarDescription="FastMeasureChannel 2" />
      <Offset VendorID="24776" ProductCode="3" VarName="TxPdo 1.Input[1..8] Value" Occurrence="0" BitOffset="2" WDVarDescription="FastMeasureChannel 3" />
      <Offset VendorID="24776" ProductCode="3" VarName="TxPdo 1.Input[1..8] Value" Occurrence="0" BitOffset="3" WDVarDescription="FastMeasureChannel 4" />
      <Offset VendorID="24776" ProductCode="3" VarName="TxPdo 1.Input[1..8] Value" Occurrence="0" BitOffset="4" WDVarDescription="FastMeasureChannel 5" />
    </Input>
  </WaggonDriver>
  <WaggonDriver ID="110">
    <Input>
      <Offset VendorID="24776" ProductCode="50" VarName="TxPdo A/D.A/D extern" Occurrence="0" BitOffset="0" WDVarDescription="EMD-Data" />
    </Input>
  </WaggonDriver>
</EAWaggonDriverConfig>