﻿<?xml version="1.0" encoding="utf-8"?>
<!--XML file automatically generated by WorkVisual V3.1.10_Build25.-->
<!--DO NOT EDIT-->
<KRCAxes xsi:noNamespaceSchemaLocation="../../../System/Common/Schemes/KRCAxes.xsd" xmlns:xsi="http://www.w3.org/2001/XMLSchema-instance">
  <Version Label="">
    <Info Version="KUKA V8.3" />
    <Schema Version="1" />
  </Version>
  <Axes>
    <Axis ID="1" Mode="StandAlone" Coupling="false">
      <StandAlone Name="A1" />
    </Axis>
    <Axis ID="2" Mode="StandAlone" Coupling="false">
      <StandAlone Name="A2" />
    </Axis>
    <Axis ID="3" Mode="StandAlone" Coupling="false">
      <StandAlone Name="A3" />
    </Axis>
    <Axis ID="4" Mode="StandAlone" Coupling="false">
      <StandAlone Name="A4" />
    </Axis>
    <Axis ID="5" Mode="StandAlone" Coupling="false">
      <StandAlone Name="A5" />
    </Axis>
    <Axis ID="6" Mode="StandAlone" Coupling="false">
      <StandAlone Name="A6" />
    </Axis>
  </Axes>
  <Sensors />
  <MeasureChannels />
</KRCAxes>