﻿<?xml version="1.0" encoding="utf-8"?>
<!--XML file partially generated by WorkVisual V3.1.10_Build25.-->
<CabCtrl xsi:noNamespaceSchemaLocation="../../System/Common/Schemes/CabCtrlUser.xsd" xmlns:xsi="http://www.w3.org/2001/XMLSchema-instance">
  <Version Label="">
    <Info Version="KUKA V8.3" />
    <Schema Version="200" />
  </Version>
  <CabinetInformation>
    <!--KRC4_STANDARD, KRC4_COMPACT_SR, KRC4_COMPACT_LBR, KRC4_SMALLSIZE, KRC4_MIDSIZE, KRC4_EXTENDED-->
    <Cabinet kind="KRC4_COMPACT_SR" />
  </CabinetInformation>
  <Operations>
    <PowerDownByPLC activated="off">
      <!--Diese Funktion belegt 8 Bit Eingangsdaten und 8 Bit Ausgangsdaten.-->
      <Input driver="DriverName" bus="BusName" bitOffset="?" />
      <Output driver="DriverName" bus="BusName" bitOffset="?" />
    </PowerDownByPLC>
    <UserInterface activated="off">
      <!--Diese Funktion belegt 9 Byte (72 Bit) Ausgangsdaten.-->
      <Output driver="DriverName" bus="BusName" bitOffset="?" />
    </UserInterface>
    <ControlOuterFan>
      <TrafoTemp monitoring="off" />
      <ClimateDevice monitoring="off" />
    </ControlOuterFan>
    <Retrofit activated="off">
      <!--Diese Funktion belegt 8 Bit Eingangsdaten.-->
      <Input driver="ECatIODriver" bus="SYS-X44" bitOffset="208" />
    </Retrofit>
  </Operations>
  <!--Description of the configuration:
In order to be able to send signals to the bus or read them from a bus, the corresponding
functions must be activated and configured.
No nodes or parameters may be deleted or added. The node
<Version> and the order of the nodes must not be changed.
All parameters listed below in the <Operations> node can be modified according to
requirements. All parameter values must be enclosed in quotation marks.
All entries are case-sensitive.
Parameter | Value |
- - - - - - - - - - - - - - - - - - - - - - - - - - - - - - - - - - - - - - - - - - - -
activated | on | Switches the entire function on.
| off | Deactivates the entire function.
driver | Driver name | Name of the driver serving the bus in the KR C4.
bus | Bus name | Name of the bus instance in the driver.
bitOffset | 0 or one | Bit offset within the KR C4 as bus device.
| Multiple of 8 | Bit offset must be aligned with byte limits.
monitoring | on | Switches a monitoring function on.
| off | Switches a monitoring function off.
Bus system | Driver name | Bus name
- - - - - - - - - - - - - - - - - - - - - - - - - - - - - - - - - - - - - - - - - - - -
ProfiNet | PNIODriver | PNIO-DEV
Interbus | IBusDrv | IBS1
Profibus (EtherCat with | ECatIODriver | SYS-X44_PB-Master1
PB-Gateway) | ECatIODriver | SYS-X44_PB-Slave1
DeviceNet (EtherCat with | ECatIODriver | SYS-X44_DN-Master1
DN-Gateway) | ECatIODriver | SYS-X44_DN-Slave1
EtherCat | ECatIODriver | SYS-X44-->
</CabCtrl>