﻿<?xml version="1.0" encoding="utf-8"?>
<!--XML file automatically generated by WorkVisual V3.1.10_Build25.-->
<!--DO NOT EDIT-->
<EtherCATConfig Version="1.3" xsi:noNamespaceSchemaLocation="/Roboter/Config/System/Common/Schemes/EtherCATConfig.xsd" xmlns:xsi="http://www.w3.org/2001/XMLSchema-instance">
  <Config>
    <Master>
      <Info>
        <Name><![CDATA[KUKA System Bus (SYS-X48)]]></Name>
        <Destination>ffffffffffff</Destination>
        <Source>000000000000</Source>
        <EtherType>a488</EtherType>
      </Info>
      <MailboxStates>
        <StartAddr>524288</StartAddr>
        <Count>1</Count>
      </MailboxStates>
      <InitCmds>
        <InitCmd>
          <Transition>IP</Transition>
          <BeforeSlave>1</BeforeSlave>
          <Comment><![CDATA[read slave count]]></Comment>
          <Requires>cycle</Requires>
          <Cmd>7</Cmd>
          <Adp>0</Adp>
          <Ado>304</Ado>
          <Data>0000</Data>
          <Retries>0</Retries>
        </InitCmd>
        <InitCmd>
          <Transition>IP</Transition>
          <BeforeSlave>1</BeforeSlave>
          <Comment><![CDATA[read slave count]]></Comment>
          <Requires>cycle</Requires>
          <Cmd>7</Cmd>
          <Adp>0</Adp>
          <Ado>304</Ado>
          <Data>0000</Data>
          <Retries>0</Retries>
        </InitCmd>
        <InitCmd>
          <Transition>IP</Transition>
          <BeforeSlave>1</BeforeSlave>
          <Comment><![CDATA[enable ECAT IRQ]]></Comment>
          <Requires>cycle</Requires>
          <Cmd>8</Cmd>
          <Adp>0</Adp>
          <Ado>512</Ado>
          <Data>0400</Data>
          <Retries>3</Retries>
        </InitCmd>
        <InitCmd>
          <Transition>IP</Transition>
          <BeforeSlave>1</BeforeSlave>
          <Comment><![CDATA[clear configured addresses]]></Comment>
          <Requires>cycle</Requires>
          <Cmd>8</Cmd>
          <Adp>0</Adp>
          <Ado>16</Ado>
          <Data>0000</Data>
          <Retries>3</Retries>
        </InitCmd>
        <InitCmd>
          <Transition>IP</Transition>
          <BeforeSlave>1</BeforeSlave>
          <Comment><![CDATA[clear crc register]]></Comment>
          <Requires>cycle</Requires>
          <Cmd>8</Cmd>
          <Adp>0</Adp>
          <Ado>768</Ado>
          <Data>0000000000000000</Data>
          <Retries>3</Retries>
        </InitCmd>
        <InitCmd>
          <Transition>IP</Transition>
          <Transition>PI</Transition>
          <Transition>BI</Transition>
          <Transition>SI</Transition>
          <Transition>OI</Transition>
          <BeforeSlave>1</BeforeSlave>
          <Comment><![CDATA[clear fmmu]]></Comment>
          <Requires>cycle</Requires>
          <Cmd>8</Cmd>
          <Adp>0</Adp>
          <Ado>1536</Ado>
          <DataLength>256</DataLength>
          <Retries>3</Retries>
        </InitCmd>
        <InitCmd>
          <Transition>IP</Transition>
          <BeforeSlave>1</BeforeSlave>
          <Comment><![CDATA[clear sm]]></Comment>
          <Requires>cycle</Requires>
          <Cmd>8</Cmd>
          <Adp>0</Adp>
          <Ado>2048</Ado>
          <DataLength>256</DataLength>
          <Retries>3</Retries>
        </InitCmd>
        <InitCmd>
          <Transition>IP</Transition>
          <BeforeSlave>1</BeforeSlave>
          <Comment><![CDATA[clear dc system time]]></Comment>
          <Requires>cycle</Requires>
          <Cmd>8</Cmd>
          <Adp>0</Adp>
          <Ado>2320</Ado>
          <DataLength>32</DataLength>
          <Retries>3</Retries>
        </InitCmd>
        <InitCmd>
          <Transition>IP</Transition>
          <BeforeSlave>1</BeforeSlave>
          <Comment><![CDATA[clear dc cycle cfg]]></Comment>
          <Requires>cycle</Requires>
          <Cmd>8</Cmd>
          <Adp>0</Adp>
          <Ado>2433</Ado>
          <Data>00</Data>
          <Retries>3</Retries>
        </InitCmd>
        <InitCmd>
          <Transition>IP</Transition>
          <BeforeSlave>1</BeforeSlave>
          <Comment><![CDATA[reset dc speed]]></Comment>
          <Requires>cycle</Requires>
          <Cmd>8</Cmd>
          <Adp>0</Adp>
          <Ado>2352</Ado>
          <Data>0010</Data>
          <Retries>3</Retries>
        </InitCmd>
        <InitCmd>
          <Transition>IP</Transition>
          <BeforeSlave>1</BeforeSlave>
          <Comment><![CDATA[configure dc filter]]></Comment>
          <Requires>cycle</Requires>
          <Cmd>8</Cmd>
          <Adp>0</Adp>
          <Ado>2356</Ado>
          <Data>000c</Data>
          <Retries>3</Retries>
        </InitCmd>
        <InitCmd>
          <Transition>IP</Transition>
          <BeforeSlave>1</BeforeSlave>
          <Comment><![CDATA[en/disable second physical address]]></Comment>
          <Requires>cycle</Requires>
          <Cmd>8</Cmd>
          <Adp>0</Adp>
          <Ado>259</Ado>
          <Data>00</Data>
          <Retries>3</Retries>
        </InitCmd>
      </InitCmds>
    </Master>
    <Slave>
      <Info>
        <Name><![CDATA[CIB SR Safety Module (SION-CIB-SR)]]></Name>
        <PhysAddr>1001</PhysAddr>
        <AutoIncAddr>0</AutoIncAddr>
        <Physics>YY</Physics>
        <VendorId>24776</VendorId>
        <ProductCode>259</ProductCode>
        <RevisionNo>0</RevisionNo>
        <SerialNo>0</SerialNo>
      </Info>
      <ProcessData>
        <Send>
          <BitStart>240</BitStart>
          <BitLength>120</BitLength>
        </Send>
        <Recv>
          <BitStart>240</BitStart>
          <BitLength>120</BitLength>
        </Recv>
        <Sm2>
          <Type>Outputs</Type>
          <DefaultSize>15</DefaultSize>
          <StartAddress>4096</StartAddress>
          <ControlByte>36</ControlByte>
          <Enable>1</Enable>
          <Pdo>5632</Pdo>
        </Sm2>
        <Sm3>
          <Type>Inputs</Type>
          <DefaultSize>15</DefaultSize>
          <StartAddress>4352</StartAddress>
          <ControlByte>0</ControlByte>
          <Enable>1</Enable>
          <Pdo>6656</Pdo>
        </Sm3>
        <TxPdo Fixed="1" Mandatory="1" Sm="3">
          <Index>#x1a00</Index>
          <Name>FSoE Rsp</Name>
          <Entry>
            <Index>#x3001</Index>
            <SubIndex>0</SubIndex>
            <BitLen>8</BitLen>
            <Name>FSOE Cmd</Name>
            <DataType>USINT</DataType>
          </Entry>
          <Entry>
            <Index>#x3001</Index>
            <SubIndex>1</SubIndex>
            <BitLen>8</BitLen>
            <Name>SafeData_0</Name>
            <DataType>USINT</DataType>
          </Entry>
          <Entry>
            <Index>#x3001</Index>
            <SubIndex>2</SubIndex>
            <BitLen>8</BitLen>
            <Name>SafeData_1</Name>
            <DataType>USINT</DataType>
          </Entry>
          <Entry>
            <Index>#x3001</Index>
            <SubIndex>3</SubIndex>
            <BitLen>8</BitLen>
            <Name>CRC_0_Lo</Name>
            <DataType>USINT</DataType>
          </Entry>
          <Entry>
            <Index>#x3001</Index>
            <SubIndex>4</SubIndex>
            <BitLen>8</BitLen>
            <Name>CRC_0_Hi</Name>
            <DataType>USINT</DataType>
          </Entry>
          <Entry>
            <Index>#x3001</Index>
            <SubIndex>5</SubIndex>
            <BitLen>8</BitLen>
            <Name>SafeData_2</Name>
            <DataType>USINT</DataType>
          </Entry>
          <Entry>
            <Index>#x3001</Index>
            <SubIndex>6</SubIndex>
            <BitLen>8</BitLen>
            <Name>SafeData_3</Name>
            <DataType>USINT</DataType>
          </Entry>
          <Entry>
            <Index>#x3001</Index>
            <SubIndex>7</SubIndex>
            <BitLen>8</BitLen>
            <Name>CRC_1_Lo</Name>
            <DataType>USINT</DataType>
          </Entry>
          <Entry>
            <Index>#x3001</Index>
            <SubIndex>8</SubIndex>
            <BitLen>8</BitLen>
            <Name>CRC_1_Hi</Name>
            <DataType>USINT</DataType>
          </Entry>
          <Entry>
            <Index>#x3001</Index>
            <SubIndex>9</SubIndex>
            <BitLen>8</BitLen>
            <Name>SafeData_4</Name>
            <DataType>USINT</DataType>
          </Entry>
          <Entry>
            <Index>#x3001</Index>
            <SubIndex>10</SubIndex>
            <BitLen>8</BitLen>
            <Name>SafeData_5</Name>
            <DataType>USINT</DataType>
          </Entry>
          <Entry>
            <Index>#x3001</Index>
            <SubIndex>11</SubIndex>
            <BitLen>8</BitLen>
            <Name>CRC_2_Lo</Name>
            <DataType>USINT</DataType>
          </Entry>
          <Entry>
            <Index>#x3001</Index>
            <SubIndex>12</SubIndex>
            <BitLen>8</BitLen>
            <Name>CRC_2_Hi</Name>
            <DataType>USINT</DataType>
          </Entry>
          <Entry>
            <Index>#x3001</Index>
            <SubIndex>13</SubIndex>
            <BitLen>8</BitLen>
            <Name>Conn_Id_Lo</Name>
            <DataType>USINT</DataType>
          </Entry>
          <Entry>
            <Index>#x3001</Index>
            <SubIndex>14</SubIndex>
            <BitLen>8</BitLen>
            <Name>Conn_Id_Hi</Name>
            <DataType>USINT</DataType>
          </Entry>
        </TxPdo>
        <RxPdo Fixed="1" Mandatory="1" Sm="2">
          <Index>#x1600</Index>
          <Name>FSoE Cmd</Name>
          <Entry>
            <Index>#x3001</Index>
            <SubIndex>0</SubIndex>
            <BitLen>8</BitLen>
            <Name>FSOE Cmd</Name>
            <DataType>USINT</DataType>
          </Entry>
          <Entry>
            <Index>#x3001</Index>
            <SubIndex>1</SubIndex>
            <BitLen>8</BitLen>
            <Name>SafeData_0</Name>
            <DataType>USINT</DataType>
          </Entry>
          <Entry>
            <Index>#x3001</Index>
            <SubIndex>2</SubIndex>
            <BitLen>8</BitLen>
            <Name>SafeData_1</Name>
            <DataType>USINT</DataType>
          </Entry>
          <Entry>
            <Index>#x3001</Index>
            <SubIndex>3</SubIndex>
            <BitLen>8</BitLen>
            <Name>CRC_0_Lo</Name>
            <DataType>USINT</DataType>
          </Entry>
          <Entry>
            <Index>#x3001</Index>
            <SubIndex>4</SubIndex>
            <BitLen>8</BitLen>
            <Name>CRC_0_Hi</Name>
            <DataType>USINT</DataType>
          </Entry>
          <Entry>
            <Index>#x3001</Index>
            <SubIndex>5</SubIndex>
            <BitLen>8</BitLen>
            <Name>SafeData_2</Name>
            <DataType>USINT</DataType>
          </Entry>
          <Entry>
            <Index>#x3001</Index>
            <SubIndex>6</SubIndex>
            <BitLen>8</BitLen>
            <Name>SafeData_3</Name>
            <DataType>USINT</DataType>
          </Entry>
          <Entry>
            <Index>#x3001</Index>
            <SubIndex>7</SubIndex>
            <BitLen>8</BitLen>
            <Name>CRC_1_Lo</Name>
            <DataType>USINT</DataType>
          </Entry>
          <Entry>
            <Index>#x3001</Index>
            <SubIndex>8</SubIndex>
            <BitLen>8</BitLen>
            <Name>CRC_1_Hi</Name>
            <DataType>USINT</DataType>
          </Entry>
          <Entry>
            <Index>#x3001</Index>
            <SubIndex>9</SubIndex>
            <BitLen>8</BitLen>
            <Name>SafeData_4</Name>
            <DataType>USINT</DataType>
          </Entry>
          <Entry>
            <Index>#x3001</Index>
            <SubIndex>10</SubIndex>
            <BitLen>8</BitLen>
            <Name>SafeData_5</Name>
            <DataType>USINT</DataType>
          </Entry>
          <Entry>
            <Index>#x3001</Index>
            <SubIndex>11</SubIndex>
            <BitLen>8</BitLen>
            <Name>CRC_2_Lo</Name>
            <DataType>USINT</DataType>
          </Entry>
          <Entry>
            <Index>#x3001</Index>
            <SubIndex>12</SubIndex>
            <BitLen>8</BitLen>
            <Name>CRC_2_Hi</Name>
            <DataType>USINT</DataType>
          </Entry>
          <Entry>
            <Index>#x3001</Index>
            <SubIndex>13</SubIndex>
            <BitLen>8</BitLen>
            <Name>Conn_Id_Lo</Name>
            <DataType>USINT</DataType>
          </Entry>
          <Entry>
            <Index>#x3001</Index>
            <SubIndex>14</SubIndex>
            <BitLen>8</BitLen>
            <Name>Conn_Id_Hi</Name>
            <DataType>USINT</DataType>
          </Entry>
        </RxPdo>
      </ProcessData>
      <Mailbox DataLinkLayer="1">
        <Send>
          <Start>4608</Start>
          <Length>50</Length>
        </Send>
        <Recv>
          <Start>4864</Start>
          <Length>50</Length>
          <StatusBitAddr>0</StatusBitAddr>
        </Recv>
        <BootStrap>
          <Send>
            <Start>4608</Start>
            <Length>140</Length>
          </Send>
          <Recv>
            <Start>4864</Start>
            <Length>140</Length>
          </Recv>
        </BootStrap>
        <Protocol>CoE</Protocol>
        <Protocol>FoE</Protocol>
      </Mailbox>
      <InitCmds>
        <InitCmd>
          <Transition>PI</Transition>
          <Transition>BI</Transition>
          <Transition>SI</Transition>
          <Transition>OI</Transition>
          <Comment><![CDATA[set device state to INIT]]></Comment>
          <Requires>cycle</Requires>
          <Cmd>2</Cmd>
          <Adp>0</Adp>
          <Ado>288</Ado>
          <Data>1100</Data>
          <Retries>100</Retries>
        </InitCmd>
        <InitCmd>
          <Transition>PI</Transition>
          <Transition>SI</Transition>
          <Transition>OI</Transition>
          <Comment><![CDATA[check device state for INIT]]></Comment>
          <Requires>cycle</Requires>
          <Cmd>1</Cmd>
          <Adp>0</Adp>
          <Ado>304</Ado>
          <Data>0000</Data>
          <Retries>3</Retries>
          <Validate>
            <Data>0100</Data>
            <DataMask>0f00</DataMask>
            <Timeout>5000</Timeout>
          </Validate>
        </InitCmd>
        <InitCmd>
          <Transition>BI</Transition>
          <Comment><![CDATA[check device state for INIT]]></Comment>
          <Requires>cycle</Requires>
          <Cmd>1</Cmd>
          <Adp>0</Adp>
          <Ado>304</Ado>
          <Data>0000</Data>
          <Retries>3</Retries>
          <Validate>
            <Data>0100</Data>
            <DataMask>0f00</DataMask>
            <Timeout>10000</Timeout>
          </Validate>
        </InitCmd>
        <InitCmd>
          <Transition>IP</Transition>
          <Transition>IB</Transition>
          <Comment><![CDATA[set device state to INIT]]></Comment>
          <Requires>cycle</Requires>
          <Cmd>2</Cmd>
          <Adp>0</Adp>
          <Ado>288</Ado>
          <Data>1100</Data>
          <Cnt>1</Cnt>
          <Retries>100</Retries>
        </InitCmd>
        <InitCmd>
          <Transition>IP</Transition>
          <Transition>IB</Transition>
          <Comment><![CDATA[check device state for INIT]]></Comment>
          <Requires>cycle</Requires>
          <Cmd>1</Cmd>
          <Adp>0</Adp>
          <Ado>304</Ado>
          <Data>0000</Data>
          <Cnt>1</Cnt>
          <Retries>3</Retries>
          <Validate>
            <Data>0100</Data>
            <DataMask>0f00</DataMask>
            <Timeout>15000</Timeout>
          </Validate>
        </InitCmd>
        <InitCmd>
          <Transition>IP</Transition>
          <Comment><![CDATA[assign EEPROM to ECAT]]></Comment>
          <Requires>cycle</Requires>
          <Cmd>2</Cmd>
          <Adp>0</Adp>
          <Ado>1280</Ado>
          <Data>00</Data>
          <Cnt>1</Cnt>
          <Retries>3</Retries>
        </InitCmd>
        <InitCmd>
          <Transition>IP</Transition>
          <Comment><![CDATA[check vendor id]]></Comment>
          <Cmd>2</Cmd>
          <Adp>0</Adp>
          <Ado>1282</Ado>
          <Data>000108000000</Data>
          <Cnt>1</Cnt>
          <Retries>3</Retries>
        </InitCmd>
        <InitCmd>
          <Transition>IP</Transition>
          <Comment><![CDATA[check vendor id]]></Comment>
          <Requires>cycle</Requires>
          <Cmd>1</Cmd>
          <Adp>0</Adp>
          <Ado>1288</Ado>
          <Data>00000000</Data>
          <Cnt>1</Cnt>
          <Retries>3</Retries>
          <Validate>
            <Data>c8600000</Data>
            <Timeout>100</Timeout>
          </Validate>
        </InitCmd>
        <InitCmd>
          <Transition>IP</Transition>
          <Comment><![CDATA[check product code]]></Comment>
          <Cmd>2</Cmd>
          <Adp>0</Adp>
          <Ado>1282</Ado>
          <Data>00010a000000</Data>
          <Cnt>1</Cnt>
          <Retries>3</Retries>
        </InitCmd>
        <InitCmd>
          <Transition>IP</Transition>
          <Comment><![CDATA[check product code]]></Comment>
          <Requires>cycle</Requires>
          <Cmd>1</Cmd>
          <Adp>0</Adp>
          <Ado>1288</Ado>
          <Data>00000000</Data>
          <Cnt>1</Cnt>
          <Retries>3</Retries>
          <Validate>
            <Data>03010000</Data>
            <Timeout>100</Timeout>
          </Validate>
        </InitCmd>
        <InitCmd>
          <Transition>IP</Transition>
          <Transition>IB</Transition>
          <Comment><![CDATA[set physical address]]></Comment>
          <Requires>cycle</Requires>
          <Cmd>2</Cmd>
          <Adp>0</Adp>
          <Ado>16</Ado>
          <Data>e903</Data>
          <Cnt>1</Cnt>
          <Retries>3</Retries>
        </InitCmd>
        <InitCmd>
          <Transition>IP</Transition>
          <Transition>IB</Transition>
          <Transition>PI</Transition>
          <Transition>SI</Transition>
          <Transition>OI</Transition>
          <Comment><![CDATA[clear sm 0/1 (mailbox out/in)]]></Comment>
          <Cmd>5</Cmd>
          <Adp>1001</Adp>
          <Ado>2048</Ado>
          <Data>00000000000000000000000000000000</Data>
          <Retries>3</Retries>
        </InitCmd>
        <InitCmd>
          <Transition>BI</Transition>
          <Comment><![CDATA[clear sm 0/1 (mailbox out/in)]]></Comment>
          <Cmd>2</Cmd>
          <Adp>0</Adp>
          <Ado>2048</Ado>
          <Data>00000000000000000000000000000000</Data>
          <Retries>3</Retries>
        </InitCmd>
        <InitCmd>
          <Transition>IP</Transition>
          <Comment><![CDATA[set sm 0 (mailbox out)]]></Comment>
          <Cmd>5</Cmd>
          <Adp>1001</Adp>
          <Ado>2048</Ado>
          <Data>0012320026000100</Data>
          <Cnt>1</Cnt>
          <Retries>3</Retries>
        </InitCmd>
        <InitCmd>
          <Transition>IP</Transition>
          <Comment><![CDATA[set sm 1 (mailbox in)]]></Comment>
          <Cmd>5</Cmd>
          <Adp>1001</Adp>
          <Ado>2056</Ado>
          <Data>0013320022000100</Data>
          <Cnt>1</Cnt>
          <Retries>3</Retries>
        </InitCmd>
        <InitCmd>
          <Transition>IB</Transition>
          <Comment><![CDATA[set sm 0 (bootstrap out)]]></Comment>
          <Cmd>5</Cmd>
          <Adp>1001</Adp>
          <Ado>2048</Ado>
          <Data>00128c0026000100</Data>
          <Cnt>1</Cnt>
          <Retries>3</Retries>
        </InitCmd>
        <InitCmd>
          <Transition>IB</Transition>
          <Comment><![CDATA[set sm 1 (bootstrap in)]]></Comment>
          <Cmd>5</Cmd>
          <Adp>1001</Adp>
          <Ado>2056</Ado>
          <Data>00138c0022000100</Data>
          <Cnt>1</Cnt>
          <Retries>3</Retries>
        </InitCmd>
        <InitCmd>
          <Transition>SP</Transition>
          <Transition>OP</Transition>
          <Comment><![CDATA[set device state to PREOP]]></Comment>
          <Requires>cycle</Requires>
          <Cmd>5</Cmd>
          <Adp>1001</Adp>
          <Ado>288</Ado>
          <Data>1200</Data>
          <Retries>300</Retries>
        </InitCmd>
        <InitCmd>
          <Transition>IP</Transition>
          <Transition>SP</Transition>
          <Transition>SI</Transition>
          <Transition>OP</Transition>
          <Transition>OI</Transition>
          <Comment><![CDATA[clear sms]]></Comment>
          <Cmd>5</Cmd>
          <Adp>1001</Adp>
          <Ado>2064</Ado>
          <Data>00000000000000000000000000000000</Data>
          <Retries>3</Retries>
        </InitCmd>
        <InitCmd>
          <Transition>PS</Transition>
          <Comment><![CDATA[set sm 2 (outputs)]]></Comment>
          <Cmd>5</Cmd>
          <Adp>1001</Adp>
          <Ado>2064</Ado>
          <Data>00100f0024000100</Data>
          <Cnt>1</Cnt>
          <Retries>3</Retries>
        </InitCmd>
        <InitCmd>
          <Transition>PS</Transition>
          <Comment><![CDATA[set sm 3 (inputs)]]></Comment>
          <Cmd>5</Cmd>
          <Adp>1001</Adp>
          <Ado>2072</Ado>
          <Data>00110f0000000100</Data>
          <Cnt>1</Cnt>
          <Retries>3</Retries>
        </InitCmd>
        <InitCmd>
          <Transition>IP</Transition>
          <Transition>IB</Transition>
          <Comment><![CDATA[set fmmu 0 (mailbox state)]]></Comment>
          <Cmd>5</Cmd>
          <Adp>1001</Adp>
          <Ado>1536</Ado>
          <Data>00000800010000000d08000101000000</Data>
          <Cnt>1</Cnt>
          <Retries>3</Retries>
        </InitCmd>
        <InitCmd>
          <Transition>PS</Transition>
          <Comment><![CDATA[set fmmu 1 (outputs)]]></Comment>
          <Cmd>5</Cmd>
          <Adp>1001</Adp>
          <Ado>1552</Ado>
          <Data>000001000f0000070010000201000000</Data>
          <Cnt>1</Cnt>
          <Retries>3</Retries>
        </InitCmd>
        <InitCmd>
          <Transition>PS</Transition>
          <Comment><![CDATA[set fmmu 2 (inputs)]]></Comment>
          <Cmd>5</Cmd>
          <Adp>1001</Adp>
          <Ado>1568</Ado>
          <Data>000001000f0000070011000101000000</Data>
          <Cnt>1</Cnt>
          <Retries>3</Retries>
        </InitCmd>
        <InitCmd>
          <Transition>OS</Transition>
          <Comment><![CDATA[set device state to SAFEOP]]></Comment>
          <Requires>cycle</Requires>
          <Cmd>5</Cmd>
          <Adp>1001</Adp>
          <Ado>288</Ado>
          <Data>0400</Data>
          <Retries>100</Retries>
        </InitCmd>
        <InitCmd>
          <Transition>PI</Transition>
          <Transition>BI</Transition>
          <Transition>SI</Transition>
          <Transition>OI</Transition>
          <Comment><![CDATA[clear fmmu 0]]></Comment>
          <Cmd>5</Cmd>
          <Adp>1001</Adp>
          <Ado>1536</Ado>
          <Data>00000000000000000000000000000000</Data>
          <Retries>3</Retries>
        </InitCmd>
        <InitCmd>
          <Transition>SP</Transition>
          <Transition>SI</Transition>
          <Transition>OP</Transition>
          <Transition>OI</Transition>
          <Comment><![CDATA[clear fmmu 1]]></Comment>
          <Cmd>5</Cmd>
          <Adp>1001</Adp>
          <Ado>1552</Ado>
          <Data>00000000000000000000000000000000</Data>
          <Retries>3</Retries>
        </InitCmd>
        <InitCmd>
          <Transition>SP</Transition>
          <Transition>SI</Transition>
          <Transition>OP</Transition>
          <Transition>OI</Transition>
          <Comment><![CDATA[clear fmmu 2]]></Comment>
          <Cmd>5</Cmd>
          <Adp>1001</Adp>
          <Ado>1568</Ado>
          <Data>00000000000000000000000000000000</Data>
          <Retries>3</Retries>
        </InitCmd>
        <InitCmd>
          <Transition>SP</Transition>
          <Transition>OP</Transition>
          <Comment><![CDATA[check device state for PREOP]]></Comment>
          <Requires>cycle</Requires>
          <Cmd>4</Cmd>
          <Adp>1001</Adp>
          <Ado>304</Ado>
          <Data>000000000000</Data>
          <Retries>3</Retries>
          <Validate>
            <Data>020000000000</Data>
            <DataMask>0f0000000000</DataMask>
            <Timeout>5000</Timeout>
          </Validate>
        </InitCmd>
        <InitCmd>
          <Transition>IP</Transition>
          <Transition>IB</Transition>
          <Comment><![CDATA[assign EEPROM to PDI]]></Comment>
          <Requires>cycle</Requires>
          <Cmd>5</Cmd>
          <Adp>1001</Adp>
          <Ado>1280</Ado>
          <Data>01</Data>
          <Cnt>1</Cnt>
          <Retries>3</Retries>
        </InitCmd>
        <InitCmd>
          <Transition>II</Transition>
          <Comment><![CDATA[assign EEPROM back to ECAT]]></Comment>
          <Requires>cycle</Requires>
          <Cmd>2</Cmd>
          <Adp>0</Adp>
          <Ado>1280</Ado>
          <Data>00</Data>
          <Retries>3</Retries>
        </InitCmd>
        <InitCmd>
          <Transition>IP</Transition>
          <Comment><![CDATA[set device state to PREOP]]></Comment>
          <Requires>cycle</Requires>
          <Cmd>5</Cmd>
          <Adp>1001</Adp>
          <Ado>288</Ado>
          <Data>1200</Data>
          <Cnt>1</Cnt>
          <Retries>300</Retries>
        </InitCmd>
        <InitCmd>
          <Transition>IP</Transition>
          <Comment><![CDATA[check device state for PREOP]]></Comment>
          <Requires>cycle</Requires>
          <Cmd>4</Cmd>
          <Adp>1001</Adp>
          <Ado>304</Ado>
          <Data>000000000000</Data>
          <Cnt>1</Cnt>
          <Retries>3</Retries>
          <Validate>
            <Data>020000000000</Data>
            <DataMask>1f0000000000</DataMask>
            <Timeout>15000</Timeout>
          </Validate>
        </InitCmd>
        <InitCmd>
          <Transition>IP</Transition>
          <Transition>BI</Transition>
          <Comment><![CDATA[assign EEPROM back to ECAT]]></Comment>
          <Requires>cycle</Requires>
          <Cmd>2</Cmd>
          <Adp>0</Adp>
          <Ado>1280</Ado>
          <Data>00</Data>
          <Retries>3</Retries>
        </InitCmd>
        <InitCmd>
          <Transition>IB</Transition>
          <Comment><![CDATA[set device state to BOOT]]></Comment>
          <Requires>cycle</Requires>
          <Cmd>5</Cmd>
          <Adp>1001</Adp>
          <Ado>288</Ado>
          <Data>1300</Data>
          <Cnt>1</Cnt>
          <Retries>100</Retries>
        </InitCmd>
        <InitCmd>
          <Transition>IB</Transition>
          <Comment><![CDATA[check device state for BOOT]]></Comment>
          <Requires>cycle</Requires>
          <Cmd>4</Cmd>
          <Adp>1001</Adp>
          <Ado>304</Ado>
          <Data>000000000000</Data>
          <Cnt>1</Cnt>
          <Retries>3</Retries>
          <Validate>
            <Data>030000000000</Data>
            <DataMask>1f0000000000</DataMask>
            <Timeout>15000</Timeout>
          </Validate>
        </InitCmd>
        <InitCmd>
          <Transition>PS</Transition>
          <Comment><![CDATA[set device state to SAFEOP]]></Comment>
          <Requires>cycle</Requires>
          <Cmd>5</Cmd>
          <Adp>1001</Adp>
          <Ado>288</Ado>
          <Data>0400</Data>
          <Cnt>1</Cnt>
          <Retries>100</Retries>
        </InitCmd>
        <InitCmd>
          <Transition>PS</Transition>
          <Comment><![CDATA[check device state for SAFEOP]]></Comment>
          <Requires>cycle</Requires>
          <Cmd>4</Cmd>
          <Adp>1001</Adp>
          <Ado>304</Ado>
          <Data>000000000000</Data>
          <Cnt>1</Cnt>
          <Retries>3</Retries>
          <Validate>
            <Data>040000000000</Data>
            <DataMask>1f0000000000</DataMask>
            <Timeout>5000</Timeout>
          </Validate>
        </InitCmd>
        <InitCmd>
          <Transition>OS</Transition>
          <Comment><![CDATA[check device state for SAFEOP]]></Comment>
          <Requires>cycle</Requires>
          <Cmd>4</Cmd>
          <Adp>1001</Adp>
          <Ado>304</Ado>
          <Data>000000000000</Data>
          <Retries>3</Retries>
          <Validate>
            <Data>040000000000</Data>
            <DataMask>0f0000000000</DataMask>
            <Timeout>5000</Timeout>
          </Validate>
        </InitCmd>
        <InitCmd>
          <Transition>SO</Transition>
          <Comment><![CDATA[set device state to OP]]></Comment>
          <Requires>cycle</Requires>
          <Cmd>5</Cmd>
          <Adp>1001</Adp>
          <Ado>288</Ado>
          <Data>0800</Data>
          <Cnt>1</Cnt>
          <Retries>100</Retries>
        </InitCmd>
        <InitCmd>
          <Transition>SO</Transition>
          <Comment><![CDATA[check device state for OP]]></Comment>
          <Requires>cycle</Requires>
          <Cmd>4</Cmd>
          <Adp>1001</Adp>
          <Ado>304</Ado>
          <Data>000000000000</Data>
          <Cnt>1</Cnt>
          <Retries>3</Retries>
          <Validate>
            <Data>080000000000</Data>
            <DataMask>1f0000000000</DataMask>
            <Timeout>5000</Timeout>
          </Validate>
        </InitCmd>
      </InitCmds>
    </Slave>
    <Cyclic>
      <Frame>
        <Cmd>
          <State>SAFEOP</State>
          <State>OP</State>
          <Comment><![CDATA[cyclic cmd]]></Comment>
          <Cmd>12</Cmd>
          <Addr>65536</Addr>
          <DataLength>15</DataLength>
          <Cnt>3</Cnt>
          <InputOffs>20</InputOffs>
          <OutputOffs>20</OutputOffs>
        </Cmd>
        <Cmd>
          <State>PREOP</State>
          <State>SAFEOP</State>
          <State>OP</State>
          <Comment><![CDATA[cyclic cmd]]></Comment>
          <Cmd>10</Cmd>
          <Addr>524288</Addr>
          <DataLength>1</DataLength>
          <Cnt>1</Cnt>
          <InputOffs>47</InputOffs>
          <OutputOffs>47</OutputOffs>
        </Cmd>
        <Cmd>
          <State>PREOP</State>
          <State>SAFEOP</State>
          <State>OP</State>
          <Comment><![CDATA[cyclic cmd]]></Comment>
          <Cmd>7</Cmd>
          <Adp>0</Adp>
          <Ado>304</Ado>
          <DataLength>2</DataLength>
          <Cnt>1</Cnt>
          <InputOffs>60</InputOffs>
          <OutputOffs>60</OutputOffs>
        </Cmd>
      </Frame>
    </Cyclic>
    <ProcessImage>
      <Inputs>
        <ByteSize>1536</ByteSize>
        <Variable>
          <Name>InfoData.CfgSlaveCount</Name>
          <Comment><![CDATA[Count of configured EtherCAT slaves]]></Comment>
          <DataType>UINT</DataType>
          <BitSize>16</BitSize>
          <BitOffs>0</BitOffs>
        </Variable>
        <Variable>
          <Name>InfoData.ChangeCount</Name>
          <Comment><![CDATA[Info data change counter]]></Comment>
          <DataType>UINT</DataType>
          <BitSize>16</BitSize>
          <BitOffs>0</BitOffs>
        </Variable>
        <Variable>
          <Name>CIB SR Safety Module (SION-CIB-SR).FSoE Rsp.FSOE Cmd</Name>
          <DataType>USINT</DataType>
          <BitSize>8</BitSize>
          <BitOffs>240</BitOffs>
        </Variable>
        <Variable>
          <Name>CIB SR Safety Module (SION-CIB-SR).FSoE Rsp.SafeData_0</Name>
          <DataType>USINT</DataType>
          <BitSize>8</BitSize>
          <BitOffs>248</BitOffs>
        </Variable>
        <Variable>
          <Name>CIB SR Safety Module (SION-CIB-SR).FSoE Rsp.SafeData_1</Name>
          <DataType>USINT</DataType>
          <BitSize>8</BitSize>
          <BitOffs>256</BitOffs>
        </Variable>
        <Variable>
          <Name>CIB SR Safety Module (SION-CIB-SR).FSoE Rsp.CRC_0_Lo</Name>
          <DataType>USINT</DataType>
          <BitSize>8</BitSize>
          <BitOffs>264</BitOffs>
        </Variable>
        <Variable>
          <Name>CIB SR Safety Module (SION-CIB-SR).FSoE Rsp.CRC_0_Hi</Name>
          <DataType>USINT</DataType>
          <BitSize>8</BitSize>
          <BitOffs>272</BitOffs>
        </Variable>
        <Variable>
          <Name>CIB SR Safety Module (SION-CIB-SR).FSoE Rsp.SafeData_2</Name>
          <DataType>USINT</DataType>
          <BitSize>8</BitSize>
          <BitOffs>280</BitOffs>
        </Variable>
        <Variable>
          <Name>CIB SR Safety Module (SION-CIB-SR).FSoE Rsp.SafeData_3</Name>
          <DataType>USINT</DataType>
          <BitSize>8</BitSize>
          <BitOffs>288</BitOffs>
        </Variable>
        <Variable>
          <Name>CIB SR Safety Module (SION-CIB-SR).FSoE Rsp.CRC_1_Lo</Name>
          <DataType>USINT</DataType>
          <BitSize>8</BitSize>
          <BitOffs>296</BitOffs>
        </Variable>
        <Variable>
          <Name>CIB SR Safety Module (SION-CIB-SR).FSoE Rsp.CRC_1_Hi</Name>
          <DataType>USINT</DataType>
          <BitSize>8</BitSize>
          <BitOffs>304</BitOffs>
        </Variable>
        <Variable>
          <Name>CIB SR Safety Module (SION-CIB-SR).FSoE Rsp.SafeData_4</Name>
          <DataType>USINT</DataType>
          <BitSize>8</BitSize>
          <BitOffs>312</BitOffs>
        </Variable>
        <Variable>
          <Name>CIB SR Safety Module (SION-CIB-SR).FSoE Rsp.SafeData_5</Name>
          <DataType>USINT</DataType>
          <BitSize>8</BitSize>
          <BitOffs>320</BitOffs>
        </Variable>
        <Variable>
          <Name>CIB SR Safety Module (SION-CIB-SR).FSoE Rsp.CRC_2_Lo</Name>
          <DataType>USINT</DataType>
          <BitSize>8</BitSize>
          <BitOffs>328</BitOffs>
        </Variable>
        <Variable>
          <Name>CIB SR Safety Module (SION-CIB-SR).FSoE Rsp.CRC_2_Hi</Name>
          <DataType>USINT</DataType>
          <BitSize>8</BitSize>
          <BitOffs>336</BitOffs>
        </Variable>
        <Variable>
          <Name>CIB SR Safety Module (SION-CIB-SR).FSoE Rsp.Conn_Id_Lo</Name>
          <DataType>USINT</DataType>
          <BitSize>8</BitSize>
          <BitOffs>344</BitOffs>
        </Variable>
        <Variable>
          <Name>CIB SR Safety Module (SION-CIB-SR).FSoE Rsp.Conn_Id_Hi</Name>
          <DataType>USINT</DataType>
          <BitSize>8</BitSize>
          <BitOffs>352</BitOffs>
        </Variable>
        <Variable>
          <Name>Eingänge.Frm0State</Name>
          <Comment><![CDATA[
               0x0001 = 1. EtherCAT command not sent (NOP requested)
0x0002 = 2. EtherCAT command not sent (NOP requested)
0x0004 = 3. EtherCAT command not sent (NOP requested)
...
0x4000 = 15. EtherCAT command not sent (NOP requested)
0x8000 = complete frame not sent

            ]]></Comment>
          <DataType>UINT</DataType>
          <BitSize>16</BitSize>
          <BitOffs>12160</BitOffs>
        </Variable>
        <Variable>
          <Name>Eingänge.Frm0WcState</Name>
          <Comment><![CDATA[
               0x0001 = wrong working counter of 1. EtherCAT command received
0x0002 = wrong working counter of 2. EtherCAT command received
0x0004 = wrong working counter of 3. EtherCAT command received
...
0x4000 = wrong working counter of 15. EtherCAT command received
0x8000 = complete frame missing

            ]]></Comment>
          <DataType>UINT</DataType>
          <BitSize>16</BitSize>
          <BitOffs>12176</BitOffs>
        </Variable>
        <Variable>
          <Name>CIB SR Safety Module (SION-CIB-SR).WcState.WcState0</Name>
          <Comment><![CDATA[0 = Data valid
1 = Data invalid
]]></Comment>
          <DataType>BOOL</DataType>
          <BitSize>1</BitSize>
          <BitOffs>12176</BitOffs>
        </Variable>
        <Variable>
          <Name>CIB SR Safety Module (SION-CIB-SR).WcState.WcState2</Name>
          <Comment><![CDATA[0 = Data valid
1 = Data invalid
]]></Comment>
          <DataType>BOOL</DataType>
          <BitSize>1</BitSize>
          <BitOffs>12176</BitOffs>
        </Variable>
        <Variable>
          <Name>CIB SR Safety Module (SION-CIB-SR).WcState.WcState1</Name>
          <Comment><![CDATA[0 = Data valid
1 = Data invalid
]]></Comment>
          <DataType>BOOL</DataType>
          <BitSize>1</BitSize>
          <BitOffs>12177</BitOffs>
        </Variable>
        <Variable>
          <Name>Eingänge.SlaveCount</Name>
          <Comment><![CDATA[Actual count of EtherCAT slaves received]]></Comment>
          <DataType>UINT</DataType>
          <BitSize>16</BitSize>
          <BitOffs>12240</BitOffs>
        </Variable>
        <Variable>
          <Name>Eingänge.DevState</Name>
          <Comment><![CDATA[
               0x0001 = Link error
0x0002 = I/O locked after link error (I/O reset required)
0x0004 = Link error (redundancy adapter)
0x0008 = Missing one frame (redundancy mode)
0x0010 = Out of send resources (I/O reset required)
0x0020 = Watchdog triggered
0x0040 = Ethernet driver (miniport) not found
0x0080 = I/O reset active
0x0100 = At least one device in 'INIT' state
0x0200 = At least one device in 'PRE-OP' state
0x0400 = At least one device in 'SAFE-OP' state
0x0800 = At least one device indicates an error state
0x1000 = DC not in sync

            ]]></Comment>
          <DataType>UINT</DataType>
          <BitSize>16</BitSize>
          <BitOffs>12272</BitOffs>
        </Variable>
        <Variable>
          <Name>InfoData.ChangeCount</Name>
          <Comment><![CDATA[Info data change counter]]></Comment>
          <DataType>UINT</DataType>
          <BitSize>16</BitSize>
          <BitOffs>12288</BitOffs>
        </Variable>
        <Variable>
          <Name>InfoData.DevId</Name>
          <Comment><![CDATA[DeviceId of EtherCAT device]]></Comment>
          <DataType>UINT</DataType>
          <BitSize>16</BitSize>
          <BitOffs>12304</BitOffs>
        </Variable>
        <Variable>
          <Name>InfoData.AmsNetId</Name>
          <Comment><![CDATA[AmsNetId of EtherCAT device]]></Comment>
          <DataType>ARRAY [0..5] OF USINT</DataType>
          <BitSize>48</BitSize>
          <BitOffs>12320</BitOffs>
        </Variable>
        <Variable>
          <Name>InfoData.CfgSlaveCount</Name>
          <Comment><![CDATA[Count of configured EtherCAT slaves]]></Comment>
          <DataType>UINT</DataType>
          <BitSize>16</BitSize>
          <BitOffs>12368</BitOffs>
        </Variable>
      </Inputs>
      <Outputs>
        <ByteSize>1536</ByteSize>
        <Variable>
          <Name>CIB SR Safety Module (SION-CIB-SR).FSoE Cmd.FSOE Cmd</Name>
          <DataType>USINT</DataType>
          <BitSize>8</BitSize>
          <BitOffs>240</BitOffs>
        </Variable>
        <Variable>
          <Name>CIB SR Safety Module (SION-CIB-SR).FSoE Cmd.SafeData_0</Name>
          <DataType>USINT</DataType>
          <BitSize>8</BitSize>
          <BitOffs>248</BitOffs>
        </Variable>
        <Variable>
          <Name>CIB SR Safety Module (SION-CIB-SR).FSoE Cmd.SafeData_1</Name>
          <DataType>USINT</DataType>
          <BitSize>8</BitSize>
          <BitOffs>256</BitOffs>
        </Variable>
        <Variable>
          <Name>CIB SR Safety Module (SION-CIB-SR).FSoE Cmd.CRC_0_Lo</Name>
          <DataType>USINT</DataType>
          <BitSize>8</BitSize>
          <BitOffs>264</BitOffs>
        </Variable>
        <Variable>
          <Name>CIB SR Safety Module (SION-CIB-SR).FSoE Cmd.CRC_0_Hi</Name>
          <DataType>USINT</DataType>
          <BitSize>8</BitSize>
          <BitOffs>272</BitOffs>
        </Variable>
        <Variable>
          <Name>CIB SR Safety Module (SION-CIB-SR).FSoE Cmd.SafeData_2</Name>
          <DataType>USINT</DataType>
          <BitSize>8</BitSize>
          <BitOffs>280</BitOffs>
        </Variable>
        <Variable>
          <Name>CIB SR Safety Module (SION-CIB-SR).FSoE Cmd.SafeData_3</Name>
          <DataType>USINT</DataType>
          <BitSize>8</BitSize>
          <BitOffs>288</BitOffs>
        </Variable>
        <Variable>
          <Name>CIB SR Safety Module (SION-CIB-SR).FSoE Cmd.CRC_1_Lo</Name>
          <DataType>USINT</DataType>
          <BitSize>8</BitSize>
          <BitOffs>296</BitOffs>
        </Variable>
        <Variable>
          <Name>CIB SR Safety Module (SION-CIB-SR).FSoE Cmd.CRC_1_Hi</Name>
          <DataType>USINT</DataType>
          <BitSize>8</BitSize>
          <BitOffs>304</BitOffs>
        </Variable>
        <Variable>
          <Name>CIB SR Safety Module (SION-CIB-SR).FSoE Cmd.SafeData_4</Name>
          <DataType>USINT</DataType>
          <BitSize>8</BitSize>
          <BitOffs>312</BitOffs>
        </Variable>
        <Variable>
          <Name>CIB SR Safety Module (SION-CIB-SR).FSoE Cmd.SafeData_5</Name>
          <DataType>USINT</DataType>
          <BitSize>8</BitSize>
          <BitOffs>320</BitOffs>
        </Variable>
        <Variable>
          <Name>CIB SR Safety Module (SION-CIB-SR).FSoE Cmd.CRC_2_Lo</Name>
          <DataType>USINT</DataType>
          <BitSize>8</BitSize>
          <BitOffs>328</BitOffs>
        </Variable>
        <Variable>
          <Name>CIB SR Safety Module (SION-CIB-SR).FSoE Cmd.CRC_2_Hi</Name>
          <DataType>USINT</DataType>
          <BitSize>8</BitSize>
          <BitOffs>336</BitOffs>
        </Variable>
        <Variable>
          <Name>CIB SR Safety Module (SION-CIB-SR).FSoE Cmd.Conn_Id_Lo</Name>
          <DataType>USINT</DataType>
          <BitSize>8</BitSize>
          <BitOffs>344</BitOffs>
        </Variable>
        <Variable>
          <Name>CIB SR Safety Module (SION-CIB-SR).FSoE Cmd.Conn_Id_Hi</Name>
          <DataType>USINT</DataType>
          <BitSize>8</BitSize>
          <BitOffs>352</BitOffs>
        </Variable>
        <Variable>
          <Name>Ausgänge.Frm0Ctrl</Name>
          <Comment><![CDATA[
               0x0001 = prevent 1. EtherCAT command from sending (request NOP)
0x0002 = prevent 2. EtherCAT command from sending (request NOP)
0x0004 = prevent 3. EtherCAT command from sending (request NOP)
...
0x4000 = prevent 15. EtherCAT command from sending (request NOP)
0x8000 = prevent complete frame from sending

            ]]></Comment>
          <DataType>UINT</DataType>
          <BitSize>16</BitSize>
          <BitOffs>12160</BitOffs>
        </Variable>
        <Variable>
          <Name>Ausgänge.Frm0WcCtrl</Name>
          <Comment><![CDATA[
               0x0001 = copy data with wrong working counter of 1. EtherCAT command
0x0002 = copy data with wrong working counter of 2. EtherCAT command
0x0004 = copy data with wrong working counter of 3. EtherCAT command
...
0x4000 = copy data with wrong working counter of 15. EtherCAT command

            ]]></Comment>
          <DataType>UINT</DataType>
          <BitSize>16</BitSize>
          <BitOffs>12176</BitOffs>
        </Variable>
        <Variable>
          <Name>Ausgänge.DevCtrl</Name>
          <DataType>UINT</DataType>
          <BitSize>16</BitSize>
          <BitOffs>12272</BitOffs>
        </Variable>
      </Outputs>
    </ProcessImage>
  </Config>
</EtherCATConfig>