﻿<?xml version="1.0" encoding="utf-8"?>
<!--XML file automatically generated by WorkVisual V3.1.10_Build25.-->
<!--DO NOT EDIT-->
<KrcIoSignals>
  <Signal type="$IN" krcStartIndex="1" bitWidth="1" class="MASTER" iecType="BOOL" permitOverride="true" />
  <Signal type="$IN" krcStartIndex="2" bitWidth="1" class="MASTER" iecType="BOOL" permitOverride="true" />
  <Signal type="$IN" krcStartIndex="3" bitWidth="1" class="MASTER" iecType="BOOL" permitOverride="true" />
  <Signal type="$IN" krcStartIndex="4" bitWidth="1" class="MASTER" iecType="BOOL" permitOverride="true" />
  <Signal type="$IN" krcStartIndex="5" bitWidth="1" class="MASTER" iecType="BOOL" permitOverride="true" />
  <Signal type="$IN" krcStartIndex="6" bitWidth="1" class="MASTER" iecType="BOOL" permitOverride="true" />
  <Signal type="$IN" krcStartIndex="7" bitWidth="1" class="MASTER" iecType="BOOL" permitOverride="true" />
  <Signal type="$IN" krcStartIndex="8" bitWidth="1" class="MASTER" iecType="BOOL" permitOverride="true" />
  <Signal type="$IN" krcStartIndex="9" bitWidth="1" class="MASTER" iecType="BOOL" permitOverride="true" />
  <Signal type="$IN" krcStartIndex="10" bitWidth="1" class="MASTER" iecType="BOOL" permitOverride="true" />
  <Signal type="$IN" krcStartIndex="11" bitWidth="1" class="MASTER" iecType="BOOL" permitOverride="true" />
  <Signal type="$IN" krcStartIndex="12" bitWidth="1" class="MASTER" iecType="BOOL" permitOverride="true" />
  <Signal type="$IN" krcStartIndex="13" bitWidth="1" class="MASTER" iecType="BOOL" permitOverride="true" />
  <Signal type="$IN" krcStartIndex="14" bitWidth="1" class="MASTER" iecType="BOOL" permitOverride="true" />
  <Signal type="$IN" krcStartIndex="15" bitWidth="1" class="MASTER" iecType="BOOL" permitOverride="true" />
  <Signal type="$IN" krcStartIndex="16" bitWidth="1" class="MASTER" iecType="BOOL" permitOverride="true" />
  <Signal type="$IN" krcStartIndex="17" bitWidth="1" class="MASTER" iecType="BOOL" permitOverride="true" />
  <Signal type="$IN" krcStartIndex="18" bitWidth="1" class="MASTER" iecType="BOOL" permitOverride="true" />
  <Signal type="$IN" krcStartIndex="19" bitWidth="1" class="MASTER" iecType="BOOL" permitOverride="true" />
  <Signal type="$IN" krcStartIndex="20" bitWidth="1" class="MASTER" iecType="BOOL" permitOverride="true" />
  <Signal type="$IN" krcStartIndex="21" bitWidth="1" class="MASTER" iecType="BOOL" permitOverride="true" />
  <Signal type="$IN" krcStartIndex="22" bitWidth="1" class="MASTER" iecType="BOOL" permitOverride="true" />
  <Signal type="$OUT" krcStartIndex="1" bitWidth="1" class="MASTER" iecType="BOOL" permitOverride="true" />
  <Signal type="$OUT" krcStartIndex="2" bitWidth="1" class="MASTER" iecType="BOOL" permitOverride="true" />
  <Signal type="$OUT" krcStartIndex="3" bitWidth="1" class="MASTER" iecType="BOOL" permitOverride="true" />
  <Signal type="$OUT" krcStartIndex="4" bitWidth="1" class="MASTER" iecType="BOOL" permitOverride="true" />
  <Signal type="$OUT" krcStartIndex="5" bitWidth="1" class="MASTER" iecType="BOOL" permitOverride="true" />
  <Signal type="$OUT" krcStartIndex="6" bitWidth="1" class="MASTER" iecType="BOOL" permitOverride="true" />
  <Signal type="$OUT" krcStartIndex="7" bitWidth="1" class="MASTER" iecType="BOOL" permitOverride="true" />
  <Signal type="$OUT" krcStartIndex="8" bitWidth="1" class="MASTER" iecType="BOOL" permitOverride="true" />
  <Signal type="$OUT" krcStartIndex="9" bitWidth="1" class="MASTER" iecType="BOOL" permitOverride="true" />
  <Signal type="$OUT" krcStartIndex="10" bitWidth="1" class="MASTER" iecType="BOOL" permitOverride="true" />
  <Signal type="$OUT" krcStartIndex="11" bitWidth="1" class="MASTER" iecType="BOOL" permitOverride="true" />
  <Signal type="$OUT" krcStartIndex="12" bitWidth="1" class="MASTER" iecType="BOOL" permitOverride="true" />
  <Signal type="$OUT" krcStartIndex="13" bitWidth="1" class="MASTER" iecType="BOOL" permitOverride="true" />
  <Signal type="$OUT" krcStartIndex="14" bitWidth="1" class="MASTER" iecType="BOOL" permitOverride="true" />
  <Signal type="$OUT" krcStartIndex="15" bitWidth="1" class="MASTER" iecType="BOOL" permitOverride="true" />
  <Signal type="$OUT" krcStartIndex="16" bitWidth="1" class="MASTER" iecType="BOOL" permitOverride="true" />
  <Signal type="$OUT" krcStartIndex="17" bitWidth="1" class="MASTER" iecType="BOOL" permitOverride="true" />
  <Signal type="$OUT" krcStartIndex="18" bitWidth="1" class="MASTER" iecType="BOOL" permitOverride="true" />
  <Signal type="$OUT" krcStartIndex="19" bitWidth="1" class="MASTER" iecType="BOOL" permitOverride="true" />
  <Signal type="$OUT" krcStartIndex="20" bitWidth="1" class="MASTER" iecType="BOOL" permitOverride="true" />
  <Signal type="$OUT" krcStartIndex="21" bitWidth="1" class="MASTER" iecType="BOOL" permitOverride="true" />
  <Signal type="$OUT" krcStartIndex="22" bitWidth="1" class="MASTER" iecType="BOOL" permitOverride="true" />
  <Signal type="$OUT" krcStartIndex="23" bitWidth="1" class="MASTER" iecType="BOOL" permitOverride="true" />
  <Signal type="$OUT" krcStartIndex="24" bitWidth="1" class="MASTER" iecType="BOOL" permitOverride="true" />
</KrcIoSignals>