<?xml version="1.0"?>
<SafetyConfigData xmlns:xsi="http://www.w3.org/2001/XMLSchema-instance" xmlns:xsd="http://www.w3.org/2001/XMLSchema">
  <AxisRangeNameItems />
  <ChangeLog>
    <Entries>
      <ProtocolEntry>
        <MessageKey>ChangeLog_HardwareParameterChanged</MessageKey>
        <MessageParams />
        <Timestamp>2015-09-25T03:39:37.390625-03:00</Timestamp>
      </ProtocolEntry>
      <ProtocolEntry>
        <MessageKey>ChangeLog_ConfigurationSaved</MessageKey>
        <MessageParams />
        <Timestamp>2015-09-25T03:39:37.421875-03:00</Timestamp>
      </ProtocolEntry>
      <ProtocolEntry>
        <MessageKey>ChangeLog_HardwareParameterChanged</MessageKey>
        <MessageParams />
        <Timestamp>2015-09-25T03:39:51.265625-03:00</Timestamp>
      </ProtocolEntry>
      <ProtocolEntry>
        <MessageKey>ChangeLog_ReferenceAdjustmentParameterChanged</MessageKey>
        <MessageParams />
        <Timestamp>2015-09-25T03:39:51.328125-03:00</Timestamp>
      </ProtocolEntry>
      <ProtocolEntry>
        <MessageKey>ChangeLog_AxisMonitoringParameterChanged</MessageKey>
        <MessageParams />
        <Timestamp>2015-09-25T03:39:51.328125-03:00</Timestamp>
      </ProtocolEntry>
      <ProtocolEntry>
        <MessageKey>ChangeLog_MachineDataUpdated</MessageKey>
        <MessageParams />
        <Timestamp>2015-09-25T03:39:52.328125-03:00</Timestamp>
      </ProtocolEntry>
      <ProtocolEntry>
        <MessageKey>ChangeLog_ConfigurationSaved</MessageKey>
        <MessageParams />
        <Timestamp>2015-09-25T03:39:52.546875-03:00</Timestamp>
      </ProtocolEntry>
      <ProtocolEntry>
        <MessageKey>ChangeLog_HardwareParameterChanged</MessageKey>
        <MessageParams />
        <Timestamp>2015-12-02T16:47:50.378644-02:00</Timestamp>
      </ProtocolEntry>
      <ProtocolEntry>
        <MessageKey>ChangeLog_ConfigurationSaved</MessageKey>
        <MessageParams />
        <Timestamp>2015-12-02T16:47:56.6427898-02:00</Timestamp>
      </ProtocolEntry>
      <ProtocolEntry>
        <MessageKey>ChangeLog_HardwareParameterChanged</MessageKey>
        <MessageParams />
        <Timestamp>2015-12-03T18:02:53.5206503-02:00</Timestamp>
      </ProtocolEntry>
      <ProtocolEntry>
        <MessageKey>ChangeLog_ConfigurationSaved</MessageKey>
        <MessageParams />
        <Timestamp>2015-12-03T18:03:01.3301049-02:00</Timestamp>
      </ProtocolEntry>
      <ProtocolEntry>
        <MessageKey>ChangeLog_HardwareParameterChanged</MessageKey>
        <MessageParams />
        <Timestamp>2015-12-03T18:59:37.3264809-02:00</Timestamp>
      </ProtocolEntry>
      <ProtocolEntry>
        <MessageKey>ChangeLog_ConfigurationSaved</MessageKey>
        <MessageParams />
        <Timestamp>2015-12-03T18:59:43.3564647-02:00</Timestamp>
      </ProtocolEntry>
      <ProtocolEntry>
        <MessageKey>ChangeLog_HardwareParameterChanged</MessageKey>
        <MessageParams />
        <Timestamp>2015-12-04T15:40:26.1020753-02:00</Timestamp>
      </ProtocolEntry>
      <ProtocolEntry>
        <MessageKey>ChangeLog_ConfigurationSaved</MessageKey>
        <MessageParams />
        <Timestamp>2015-12-04T15:40:32.4320163-02:00</Timestamp>
      </ProtocolEntry>
    </Entries>
  </ChangeLog>
  <OverwriteEntries>
    <Overwrites />
  </OverwriteEntries>
  <DevDescrRevision>589825</DevDescrRevision>
  <LastModified>2015-12-04T15:40:32.4518183-02:00</LastModified>
  <MachineDataLastModified>2015-09-25T03:39:52.328125-03:00</MachineDataLastModified>
  <ProjectName>-</ProjectName>
  <ToolNameItems />
  <Version>6</Version>
  <WorksheetCrc>899954498</WorksheetCrc>
  <MonitoringSpaceNameItems />
  <WorkspaceNameItems />
</SafetyConfigData>