<?xml version="1.0" encoding="UTF-8" standalone="no" ?><!-- KUKA Roboter (C) 2009 --><!-- rrg, 2009-09-10 --><RobotInfo MajorVersion="0" MinorVersion="0">
   <RobotData Timestamp="2015.09.16 06:25:43.895872833">
      <SerialNumber Checksum="-2057832475">504261</SerialNumber>
      <RobotType Checksum="-1459079203">#KR6R700 C4SR FLR</RobotType>
   </RobotData>
   <MamesOffsets Timestamp="2015.09.16 06:42:32.999238811">
      <File Checksum="1955508078">504261.mam</File>
   </MamesOffsets>
   <AbsoluteAccuracy Timestamp="2015.09.16 06:25:43.895872833">
      <File Checksum="-1607895890">noAbsAccur</File>
      <UsedModelVersion Checksum="-613506836">100.0</UsedModelVersion>
   </AbsoluteAccuracy>
</RobotInfo>