﻿<?xml version="1.0" encoding="utf-8"?>
<!--XML file automatically generated by WorkVisual V3.1.10_Build25.-->
<!--DO NOT EDIT-->
<Axis xsi:noNamespaceSchemaLocation="../../../../System/Common/Schemes/NGAxis.xsd" xmlns:xsi="http://www.w3.org/2001/XMLSchema-instance">
  <Version Label="">
    <Info Version="KUKA V8.3" />
    <Schema Version="1" />
  </Version>
  <Machine Name="#KR6R700 C4SR FLR" />
  <AxisData Simulation="Off" Type="Rotator" Mode="StandAlone" MessageDisable="0" />
  <ToolMotor ExtTorqueOfInertia="2.16E-05" MaximalEnergy="8.8" RampUpTimeUnderLoad="36.18" RampStopTime="18.09" kTCharacteristic="true" MotorFile="Motor\M_MG_03_40_60_KSPsr5_230V_Agilus_V2.xml" ServoFile="ServoFile\S_MG_03_40_60_KSPsr5_230V_Agilus_V2.xml" ParameterFile="Mada\NGAxis\CtrlA6.xml" AdditionalFunctionFile="Mada\NGAxis\CtrlA6AddFct.xml">
    <Monitoring PositionLag="117.1" PositionLagSoft="468.4" Speed="8160" SpeedLag="0" />
    <Limit Current="0" Speed="0" />
  </ToolMotor>
  <Inversion Position="false" Velocity="false" Torque="false" />
  <Delay ActValue="2" CmdValue="24" />
  <Mastering ChannelName="EMD-Data" Type="EMD" />
</Axis>