﻿<?xml version="1.0" encoding="utf-8"?>
<!--XML file automatically generated by WorkVisual V3.1.10_Build25.-->
<!--DO NOT EDIT-->
<CtrlParam xsi:noNamespaceSchemaLocation="../../../../System/Common/Schemes/NGCtrl.xsd" xmlns:xsi="http://www.w3.org/2001/XMLSchema-instance">
  <Version Label="">
    <Info Version="KUKA V8.3" />
    <Schema Version="1" />
  </Version>
  <Machine Name="#KR6R700 C4SR FLR" />
  <Controller ID="0" />
  <GlobalParameter Name="CmdPosDelay" Index="0" MinValue="0" MaxValue="0" EvalBoundary="Min" Access="ro" Value="3000" />
  <GlobalParameter Name="FFCVelocity" Index="1" MinValue="0" MaxValue="1" EvalBoundary="MinMax" Access="ro" Value="1" />
  <GlobalParameter Name="FFCTorque" Index="2" MinValue="0" MaxValue="1" EvalBoundary="MinMax" Access="ro" Value="0" />
  <GlobalParameter Name="CtrlCycle" Index="3" MinValue="1" MaxValue="0" EvalBoundary="Min" Access="ro" Value="1" />
  <GlobalParameter Name="CtrlOffset" Index="5" MinValue="0" MaxValue="0" EvalBoundary="Min" Access="ro" Value="0" />
  <GlobalParameter Name="Pos2VelFilterFreq" Index="6" MinValue="1" MaxValue="8000" EvalBoundary="MinMax" Access="rw" Value="80.00000000" Type="16384" />
  <Parameter Name="PosGain" Index="0" MinValue="0" MaxValue="0" EvalBoundary="Min" Access="rw">
    <Set Name="PTP" Value="60.0" />
    <Set Name="CP" Value="60.0" />
  </Parameter>
  <Parameter Name="PosIntTime" Index="1" MinValue="0" MaxValue="0" EvalBoundary="Min" Access="rw">
    <Set Name="PTP" Value="0" />
    <Set Name="CP" Value="0" />
  </Parameter>
  <Parameter Name="VelGain" Index="2" MinValue="0" MaxValue="0" EvalBoundary="Min" Access="rw">
    <Set Name="PTP" Value="0.0001" />
    <Set Name="CP" Value="0.0001" />
  </Parameter>
  <Parameter Name="VelIntTime" Index="3" MinValue="0" MaxValue="0" EvalBoundary="Min" Access="rw">
    <Set Name="PTP" Value="0.01" />
    <Set Name="CP" Value="0.01" />
  </Parameter>
</CtrlParam>