<?xml version="1.0" encoding="UTF-8"?>
<RobRuntimeLog xsi:noNamespaceSchemaLocation="/Roboter/Config/System/Common/Schemes/RobRuntimeLog.xsd" xmlns:xsi="http://www.w3.org/2001/XMLSchema-instance">
   <RobRuntime Date="2018-09-27 14:29" SerialNo="504261" Runtime="13" />
   <RobRuntime Date="2018-09-28 16:19" SerialNo="504261" Runtime="14" />
   <RobRuntime Date="2018-10-25 13:54" SerialNo="504261" Runtime="15" />
   <RobRuntime Date="2018-10-26 20:04" SerialNo="504261" Runtime="16" />
   <RobRuntime Date="2018-11-01 15:14" SerialNo="504261" Runtime="17" />
   <RobRuntime Date="2018-11-05 09:59" SerialNo="504261" Runtime="18" />
   <RobRuntime Date="2018-11-05 12:40" SerialNo="504261" Runtime="19" />
   <RobRuntime Date="2018-11-07 20:40" SerialNo="504261" Runtime="20" />
   <RobRuntime Date="2018-11-09 17:54" SerialNo="504261" Runtime="21" />
   <RobRuntime Date="2018-11-26 14:19" SerialNo="504261" Runtime="22" />
</RobRuntimeLog>